id,title,overview,release_date,vote_average,vote_count,genre_ids,poster_path,content
1127384,Deep Water,A group of international passengers on a flight from Los Angeles to Shanghai is forced to make an emergency landing in shark-infested waters. The terrified group is forced to work together and overcome their differences if they hope to escape their sinking plane and the frenzy of sharks drawn to the wreckage.,2026-04-30,7.2,362,"[27, 53]",/kjcuS7xaRyqRjVaVcH4t0qHshuX.jpg,Deep Water. A group of international passengers on a flight from Los Angeles to Shanghai is forced to make an emergency landing in shark-infested waters. The terrified group is forced to work together and overcome their differences if they hope to escape their sinking plane and the frenzy of sharks drawn to the wreckage.
1228710,The Mandalorian and Grogu,"The evil Empire has fallen, and Imperial warlords remain scattered throughout the galaxy. As the fledgling New Republic works to protect everything the Rebellion fought for, they have enlisted the help of legendary Mandalorian bounty hunter Din Djarin and his young apprentice Grogu.",2026-05-20,7.5,1165,"[28, 12, 878]",/7GV5rrUJf0BRUhoh2cyFoeNthlQ.jpg,"The Mandalorian and Grogu. The evil Empire has fallen, and Imperial warlords remain scattered throughout the galaxy. As the fledgling New Republic works to protect everything the Rebellion fought for, they have enlisted the help of legendary Mandalorian bounty hunter Din Djarin and his young apprentice Grogu."
1569947,The Priest: Thanksgiving Massacre,"A family gather to spend Thanksgiving at an isolated cabin, unaware that the site has a horrific history of murder and cannibalism and that the Priest responsible did not rest in peace. Now they are on the menu for Thanksgiving dinner.",2025-08-08,3.3,41,[27],/AiRySv62247N91mfCCAryACGNuv.jpg,"The Priest: Thanksgiving Massacre. A family gather to spend Thanksgiving at an isolated cabin, unaware that the site has a horrific history of murder and cannibalism and that the Priest responsible did not rest in peace. Now they are on the menu for Thanksgiving dinner."
299536,Avengers: Infinity War,"As the Avengers and their allies have continued to protect the world from threats too large for any one hero to handle, a new danger has emerged from the cosmic shadows: Thanos. A despot of intergalactic infamy, his goal is to collect all six Infinity Stones, artifacts of unimaginable power, and use them to inflict his twisted will on all of reality. Everything the Avengers have fought for has led up to this moment - the fate of Earth and existence itself has never been more uncertain.",2018-04-25,8.24,32495,"[12, 28, 878]",/7WsyChQLEftFiDOVTGkv3hFpyyt.jpg,"Avengers: Infinity War. As the Avengers and their allies have continued to protect the world from threats too large for any one hero to handle, a new danger has emerged from the cosmic shadows: Thanos. A despot of intergalactic infamy, his goal is to collect all six Infinity Stones, artifacts of unimaginable power, and use them to inflict his twisted will on all of reality. Everything the Avengers have fought for has led up to this moment - the fate of Earth and existence itself has never been more uncertain."
1285366,Shape of My Heart,"A romance about a man and a woman who, due to an unexpected event, end up switching bodies. Despite coming from completely different backgrounds and environments, the two try to overcome the various difficulties that arise from their body swap.",2024-07-06,6.25,4,[10749],/3r0O6BW9USoZ9mteCVyNKMQriRL.jpg,"Shape of My Heart. A romance about a man and a woman who, due to an unexpected event, end up switching bodies. Despite coming from completely different backgrounds and environments, the two try to overcome the various difficulties that arise from their body swap."
1226863,The Super Mario Galaxy Movie,"Having thwarted Bowser's previous plot to marry Princess Peach, Mario and Luigi now face a fresh threat in Bowser Jr., who is determined to liberate his father from captivity and restore the family legacy. Alongside companions new and old, the brothers travel across the stars to stop the young heir's crusade.",2026-04-01,8.26,3382,"[10751, 35, 12, 14, 16]",/eJGWx219ZcEMVQJhAgMiqo8tYY.jpg,"The Super Mario Galaxy Movie. Having thwarted Bowser's previous plot to marry Princess Peach, Mario and Luigi now face a fresh threat in Bowser Jr., who is determined to liberate his father from captivity and restore the family legacy. Alongside companions new and old, the brothers travel across the stars to stop the young heir's crusade."
1698856,Master of the Universe,"A young man must use his untapped powers to fight back against an evil alien and their army, who will stop at nothing to take over Earth and then the universe.",2026-05-22,4.565,46,"[878, 28, 14]",/a77OcLmarwiBJakOPPC36m58t4L.jpg,"Master of the Universe. A young man must use his untapped powers to fight back against an evil alien and their army, who will stop at nothing to take over Earth and then the universe."
931285,Mortal Kombat II,"The fan favorite champions—now joined by Johnny Cage himself—are pitted against one another in the ultimate, no-holds barred, gory battle to defeat the dark rule of Shao Kahn that threatens the very existence of the Earthrealm and its defenders.",2026-05-06,7.904,2300,"[28, 14, 12]",/hwRdDFIhaEmpRgoki805YvyyjZf.jpg,"Mortal Kombat II. The fan favorite champions—now joined by Johnny Cage himself—are pitted against one another in the ultimate, no-holds barred, gory battle to defeat the dark rule of Shao Kahn that threatens the very existence of the Earthrealm and its defenders."
83533,Avatar: Fire and Ash,"In the wake of the devastating war against the RDA and the loss of their eldest son, Jake Sully and Neytiri face a new threat on Pandora: the Ash People, a violent and power-hungry Na'vi tribe led by the ruthless Varang. Jake's family must fight for their survival and the future of Pandora in a conflict that pushes them to their emotional and physical limits.",2025-12-17,7.638,4068,"[878, 12, 14]",/bRBeSHfGHwkEpImlhxPmOcUsaeg.jpg,"Avatar: Fire and Ash. In the wake of the devastating war against the RDA and the loss of their eldest son, Jake Sully and Neytiri face a new threat on Pandora: the Ash People, a violent and power-hungry Na'vi tribe led by the ruthless Varang. Jake's family must fight for their survival and the future of Pandora in a conflict that pushes them to their emotional and physical limits."
1280738,The Furious,"After a criminal network kidnaps Wang Wei's daughter and the corrupt police refuse to assist him, Wei sets out on his own to locate her. Navin, a tenacious journalist whose wife has mysteriously vanished, is his only ally. In this explosive martial arts showdown, the unlikely duo fights the kidnappers ruthlessly driven by a furious vengeance.",2026-06-10,7.3,292,"[28, 80, 53]",/zP19YO60jwEsfKd5Qf1UvA5uJu8.jpg,"The Furious. After a criminal network kidnaps Wang Wei's daughter and the corrupt police refuse to assist him, Wei sets out on his own to locate her. Navin, a tenacious journalist whose wife has mysteriously vanished, is his only ally. In this explosive martial arts showdown, the unlikely duo fights the kidnappers ruthlessly driven by a furious vengeance."
1656061,Immortal Combat,"History's greatest warriors, including Genghis Khan and Joan of Arc, are summoned by a shadowy organization to fight in a battle to the death. But unknown to their captors, the fighters have been plotting to turn the tables and dismantle the deadly enterprise from within.",2026-04-24,4.8,18,"[28, 878, 12]",/mhRAgvQ04DTE4zQN3OSyc9Lonj3.jpg,"Immortal Combat. History's greatest warriors, including Genghis Khan and Joan of Arc, are summoned by a shadowy organization to fight in a battle to the death. But unknown to their captors, the fighters have been plotting to turn the tables and dismantle the deadly enterprise from within."
559,Spider-Man 3,"The seemingly invincible Spider-Man goes up against an all-new crop of villains—including the shape-shifting Sandman. While Spider-Man’s superpowers are altered by an alien organism, his alter ego, Peter Parker, deals with nemesis Eddie Brock and also gets caught up in a love triangle.",2007-05-01,6.47,15495,"[28, 12, 878]",/sJMTTGjtjvrMZ7G0oP9D13wNUum.jpg,"Spider-Man 3. The seemingly invincible Spider-Man goes up against an all-new crop of villains—including the shape-shifting Sandman. While Spider-Man’s superpowers are altered by an alien organism, his alter ego, Peter Parker, deals with nemesis Eddie Brock and also gets caught up in a love triangle."
1084242,Zootopia 2,"After cracking the biggest case in Zootopia's history, rookie cops Judy Hopps and Nick Wilde find themselves on the twisting trail of a great mystery when Gary De'Snake arrives and turns the animal metropolis upside down. To crack the case, Judy and Nick must go undercover to unexpected new parts of town, where their growing partnership is tested like never before.",2025-11-26,7.682,3222,"[16, 12, 35, 9648, 10751]",/oJ7g2CifqpStmoYQyaLQgEU32qO.jpg,"Zootopia 2. After cracking the biggest case in Zootopia's history, rookie cops Judy Hopps and Nick Wilde find themselves on the twisting trail of a great mystery when Gary De'Snake arrives and turns the animal metropolis upside down. To crack the case, Judy and Nick must go undercover to unexpected new parts of town, where their growing partnership is tested like never before."
949838,72 HOURS,"To save his career, a 40-year-old ad exec joins a crew of twentysomethings for a wild Miami bachelor party after they mistakenly add him to a group chat.",2026-07-20,6.803,295,"[35, 80]",/9Bu1PW2R1XayqRqnl0aDOgMcrdS.jpg,"72 HOURS. To save his career, a 40-year-old ad exec joins a crew of twentysomethings for a wild Miami bachelor party after they mistakenly add him to a group chat."
1439930,The Punisher: One Last Kill,"As Frank Castle searches for meaning beyond revenge, an unexpected force pulls him back into the fight.",2026-05-12,8.296,2014,"[28, 18, 80]",/qQclTgLMDvGBuUBFGHRipxkEwWR.jpg,"The Punisher: One Last Kill. As Frank Castle searches for meaning beyond revenge, an unexpected force pulls him back into the fight."
1404304,The Isolate Thief,A young woman struggles to conceal the gold she stole from a group of violent outlaws who have seized control of her remote outpost.,2026-07-10,7.2,12,"[37, 28, 18]",/gmmCh2BvTKp0YGT2FYG0eOQJELi.jpg,The Isolate Thief. A young woman struggles to conceal the gold she stole from a group of violent outlaws who have seized control of her remote outpost.
1728704,Siping,A gripping story about a woman wagered in a high-stakes card game. But the stakes get even hotter when she’s won by the man who’s long been obsessed with her.,2026-07-10,4.625,4,[18],/wNzRyplxryB8s6jb8Be5dYAKZb5.jpg,Siping. A gripping story about a woman wagered in a high-stakes card game. But the stakes get even hotter when she’s won by the man who’s long been obsessed with her.
278,The Shawshank Redemption,"Imprisoned in the 1940s for the double murder of his wife and her lover, upstanding banker Andy Dufresne begins a new life at the Shawshank prison, where he puts his accounting skills to work for an amoral warden. During his long stretch in prison, Dufresne comes to be admired by the other inmates -- including an older prisoner named Red -- for his integrity and unquenchable sense of hope.",1994-09-23,8.727,30961,"[18, 80]",/9cqNxx0GxF0bflZmeSMuL5tnGzr.jpg,"The Shawshank Redemption. Imprisoned in the 1940s for the double murder of his wife and her lover, upstanding banker Andy Dufresne begins a new life at the Shawshank prison, where he puts his accounting skills to work for an amoral warden. During his long stretch in prison, Dufresne comes to be admired by the other inmates -- including an older prisoner named Red -- for his integrity and unquenchable sense of hope."
1419406,The Shadow's Edge,Macau Police brings the tracking expert police officer out of retirement to help catch a dangerous group of professional thieves.,2025-08-16,7.995,1105,"[28, 80, 18, 53]",/cHKo3m8N1fwvEy2ZEr0xGmmMODV.jpg,The Shadow's Edge. Macau Police brings the tracking expert police officer out of retirement to help catch a dangerous group of professional thieves.
24428,The Avengers,"When an unexpected enemy emerges and threatens global safety and security, Nick Fury, director of the international peacekeeping agency known as S.H.I.E.L.D., finds himself in need of a team to pull the world back from the brink of disaster. Spanning the globe, a daring recruitment effort begins!",2012-04-25,8.064,39106,"[878, 28, 12]",/RYMX2wcKCBAr24UyPD7xwmjaTn.jpg,"The Avengers. When an unexpected enemy emerges and threatens global safety and security, Nick Fury, director of the international peacekeeping agency known as S.H.I.E.L.D., finds himself in need of a team to pull the world back from the brink of disaster. Spanning the globe, a daring recruitment effort begins!"
10138,Iron Man 2,"With the world now aware of his dual life as the armored superhero Iron Man, billionaire inventor Tony Stark faces pressure from the government, the press and the public to share his technology with the military. Unwilling to let go of his invention, Stark, with Pepper Potts and James 'Rhodey' Rhodes at his side, must forge new alliances – and confront powerful enemies.",2010-04-28,6.855,22666,"[12, 28, 878]",/6WBeq4fCfn7AN0o21W9qNcRF2l9.jpg,"Iron Man 2. With the world now aware of his dual life as the armored superhero Iron Man, billionaire inventor Tony Stark faces pressure from the government, the press and the public to share his technology with the military. Unwilling to let go of his invention, Stark, with Pepper Potts and James 'Rhodey' Rhodes at his side, must forge new alliances – and confront powerful enemies."
1010581,My Fault,"Noah must leave her city, boyfriend, and friends to move into William Leister's mansion, the flashy and wealthy husband of her mother Rafaela. As a proud and independent 17 year old, Noah resists living in a mansion surrounded by luxury. However, it is there where she meets Nick, her new stepbrother, and the clash of their strong personalities becomes evident from the very beginning.",2023-06-08,7.729,4158,"[18, 10749, 53]",/w46Vw536HwNnEzOa7J24YH9DPRS.jpg,"My Fault. Noah must leave her city, boyfriend, and friends to move into William Leister's mansion, the flashy and wealthy husband of her mother Rafaela. As a proud and independent 17 year old, Noah resists living in a mansion surrounded by luxury. However, it is there where she meets Nick, her new stepbrother, and the clash of their strong personalities becomes evident from the very beginning."
597,Titanic,"101-year-old Rose DeWitt Bukater tells the story of her life aboard the Titanic, 84 years later. A young Rose boards the ship with her mother and fiancé. Meanwhile, Jack Dawson and Fabrizio De Rossi win third-class tickets aboard the ship. Rose tells the whole story from Titanic's departure through to its death—on its first and last voyage—on April 15, 1912.",1997-12-18,7.9,27487,"[18, 10749]",/9xjZS2rlVxm8SFx8kPC3aIGCOYQ.jpg,"Titanic. 101-year-old Rose DeWitt Bukater tells the story of her life aboard the Titanic, 84 years later. A young Rose boards the ship with her mother and fiancé. Meanwhile, Jack Dawson and Fabrizio De Rossi win third-class tickets aboard the ship. Rose tells the whole story from Titanic's departure through to its death—on its first and last voyage—on April 15, 1912."
673,Harry Potter and the Prisoner of Azkaban,Harry Potter's life is in danger once more as dangerous wizard Sirius Black has escaped from Azkaban Prison and is heading to Hogwarts.,2004-05-31,8.01,23424,"[12, 14]",/aWxwnYoe8p2d2fcxOqtvAtJ72Rw.jpg,Harry Potter and the Prisoner of Azkaban. Harry Potter's life is in danger once more as dangerous wizard Sirius Black has escaped from Azkaban Prison and is heading to Hogwarts.
14836,Coraline,"Wandering her rambling old house in her boring new town, 11-year-old Coraline discovers a hidden door to a strangely idealized version of her life. In order to stay in the fantasy, she must make a frighteningly real sacrifice.",2009-02-05,7.924,9233,"[16, 10751, 14]",/4jeFXQYytChdZYE9JYO7Un87IlW.jpg,"Coraline. Wandering her rambling old house in her boring new town, 11-year-old Coraline discovers a hidden door to a strangely idealized version of her life. In order to stay in the fantasy, she must make a frighteningly real sacrifice."
1233413,Sinners,"Trying to leave their troubled lives behind, twin brothers return to their hometown to start again, only to discover that an even greater evil is waiting to welcome them back.",2025-04-16,7.503,4943,"[27, 28, 53]",/fWPgbnt2LSqkQ6cdQc0SZN9CpLm.jpg,"Sinners. Trying to leave their troubled lives behind, twin brothers return to their hometown to start again, only to discover that an even greater evil is waiting to welcome them back."
558,Spider-Man 2,"Peter Parker is going through a major identity crisis. Burned out from being Spider-Man, he decides to shelve his superhero alter ego, which leaves the city suffering in the wake of carnage left by the evil Doc Ock. In the meantime, Parker still can't act on his feelings for Mary Jane Watson, a girl he's loved since childhood. A certain anger begins to brew in his best friend Harry Osborn as well...",2004-06-25,7.321,16646,"[28, 12, 878]",/aGuvNAaaZuWXYQQ6N2v7DeuP6mB.jpg,"Spider-Man 2. Peter Parker is going through a major identity crisis. Burned out from being Spider-Man, he decides to shelve his superhero alter ego, which leaves the city suffering in the wake of carnage left by the evil Doc Ock. In the meantime, Parker still can't act on his feelings for Mary Jane Watson, a girl he's loved since childhood. A certain anger begins to brew in his best friend Harry Osborn as well..."
1368314,Passenger,"After a young couple witnesses a gruesome highway accident, they soon realize they did not leave the crash scene alone, as a demonic presence called the Passenger that won't stop until it claims them both turns their van life adventure into a nightmare.",2026-05-20,7.306,706,"[27, 53]",/2sOEJzhPzjTkZSlPbGxOJ7xgIyS.jpg,"Passenger. After a young couple witnesses a gruesome highway accident, they soon realize they did not leave the crash scene alone, as a demonic presence called the Passenger that won't stop until it claims them both turns their van life adventure into a nightmare."
76341,Mad Max: Fury Road,"An apocalyptic story set in the furthest reaches of our planet, in a stark desert landscape where humanity is broken, and most everyone is crazed fighting for the necessities of life. Within this world exist two rebels on the run who just might be able to restore order.",2015-05-13,7.636,24358,"[28, 12, 878]",/ulcAi4dKpAjHwYGS08vNyx9H6I9.jpg,"Mad Max: Fury Road. An apocalyptic story set in the furthest reaches of our planet, in a stark desert landscape where humanity is broken, and most everyone is crazed fighting for the necessities of life. Within this world exist two rebels on the run who just might be able to restore order."
1101412,Fall 2: Deadpoint,"On a perilous climb across Thailand's Mount Kwan, two climbers become trapped thousands of feet above the ground, where vertigo-inducing heights, sheer exposure, and impossible odds turn every moment into a fight for survival.",2026-09-02,0.0,0,[53],/p73G56bJGPa5y52cyqWscHR6NnN.jpg,"Fall 2: Deadpoint. On a perilous climb across Thailand's Mount Kwan, two climbers become trapped thousands of feet above the ground, where vertigo-inducing heights, sheer exposure, and impossible odds turn every moment into a fight for survival."
674,Harry Potter and the Goblet of Fire,"When his name emerges from the Goblet of Fire, Harry Potter becomes a competitor in a grueling battle for glory among three wizarding schools. Signs of Voldemort's return emerge as Harry's friends help him prepare for the Triwizard Tournament.",2005-11-16,7.802,22434,"[12, 14]",/fECBtHlr0RB3foNHDiCBXeg9Bv9.jpg,"Harry Potter and the Goblet of Fire. When his name emerges from the Goblet of Fire, Harry Potter becomes a competitor in a grueling battle for glory among three wizarding schools. Signs of Voldemort's return emerge as Harry's friends help him prepare for the Triwizard Tournament."
385687,Fast X,"Over many missions and against impossible odds, Dom Toretto and his family have outsmarted, out-nerved and outdriven every foe in their path. Now, they confront the most lethal opponent they've ever faced: A terrifying threat emerging from the shadows of the past who's fueled by blood revenge, and who is determined to shatter this family and destroy everything—and everyone—that Dom loves, forever.",2023-05-17,6.984,6424,"[28, 80, 53]",/fiVW06jE7z9YnO4trhaMEdclSiC.jpg,"Fast X. Over many missions and against impossible odds, Dom Toretto and his family have outsmarted, out-nerved and outdriven every foe in their path. Now, they confront the most lethal opponent they've ever faced: A terrifying threat emerging from the shadows of the past who's fueled by blood revenge, and who is determined to shatter this family and destroy everything—and everyone—that Dom loves, forever."
11,Star Wars,Princess Leia is captured and held hostage by the evil Imperial forces in their effort to take over the galactic Empire. Venturesome Luke Skywalker and dashing captain Han Solo team together with the loveable robot duo R2-D2 and C-3PO to rescue the beautiful princess and restore peace and justice in the Empire.,1977-05-25,8.206,22613,"[12, 28, 878]",/6FfCtAuVAW8XJjZ7eWeLibRLWTw.jpg,Star Wars. Princess Leia is captured and held hostage by the evil Imperial forces in their effort to take over the galactic Empire. Venturesome Luke Skywalker and dashing captain Han Solo team together with the loveable robot duo R2-D2 and C-3PO to rescue the beautiful princess and restore peace and justice in the Empire.
1305781,Blades of the Guardians,"Dao Ma, the ""second most wanted fugitive,"" is entrusted by his benefactor, the chief of Mo family clan, to take on a mysterious escort mission-escorting the ""most wanted fugitive"" to Chang'an.",2026-02-17,8.084,179,"[28, 12]",/R84km7PJ0frFSNPmvIjG6LV1kg.jpg,"Blades of the Guardians. Dao Ma, the ""second most wanted fugitive,"" is entrusted by his benefactor, the chief of Mo family clan, to take on a mysterious escort mission-escorting the ""most wanted fugitive"" to Chang'an."
12445,Harry Potter and the Deathly Hallows: Part 2,"Harry, Ron and Hermione continue their quest to vanquish the evil Voldemort once and for all. Just as things begin to look hopeless for the young wizards, Harry discovers a trio of magical objects that endow him with powers to rival Voldemort's formidable skills.",2011-07-12,8.08,22232,"[12, 14]",/c54HpQmuwXjHq2C9wmoACjxoom3.jpg,"Harry Potter and the Deathly Hallows: Part 2. Harry, Ron and Hermione continue their quest to vanquish the evil Voldemort once and for all. Just as things begin to look hopeless for the young wizards, Harry discovers a trio of magical objects that endow him with powers to rival Voldemort's formidable skills."
656908,Ramayana,"An ancient epic follows a young prince and princess whose marriage and subsequent exile mark the beginning of a legendary journey. Their story of love, duty and destiny sets the stage for greater challenges ahead.",2026-11-06,0.0,0,"[18, 14, 28]",/f3yZZw7zIsWo6m9xJStfjDauIZX.jpg,"Ramayana. An ancient epic follows a young prince and princess whose marriage and subsequent exile mark the beginning of a legendary journey. Their story of love, duty and destiny sets the stage for greater challenges ahead."
1171145,Crime 101,"When an elusive thief whose high-stakes heists unfold along the iconic 101 freeway in Los Angeles eyes the score of a lifetime, with hopes of this being his final job, his path collides with a disillusioned insurance broker who is facing her own crossroads. Determined to crack the case, a relentless detective closes in on the operation, raising the stakes even higher.",2026-02-11,7.013,1251,"[80, 53]",/tVvpFIoteRHNnoZMhdnwIVwJpCA.jpg,"Crime 101. When an elusive thief whose high-stakes heists unfold along the iconic 101 freeway in Los Angeles eyes the score of a lifetime, with hopes of this being his final job, his path collides with a disillusioned insurance broker who is facing her own crossroads. Determined to crack the case, a relentless detective closes in on the operation, raising the stakes even higher."
8587,The Lion King,"Young lion prince Simba, eager to one day become king of the Pride Lands, grows up under the watchful eye of his father Mufasa; all the while his villainous uncle Scar conspires to take the throne for himself. Amid betrayal and tragedy, Simba must confront his past and find his rightful place in the Circle of Life.",1994-06-15,8.253,19941,"[16, 10751, 18]",/sKCr78MXSLixwmZ8DyJLrpMsd15.jpg,"The Lion King. Young lion prince Simba, eager to one day become king of the Pride Lands, grows up under the watchful eye of his father Mufasa; all the while his villainous uncle Scar conspires to take the throne for himself. Amid betrayal and tragedy, Simba must confront his past and find his rightful place in the Circle of Life."
350,The Devil Wears Prada,"A young woman from the Midwest gets more than she bargained for when she moves to New York to become a writer and ends up as the assistant to the tyrannical, larger-than-life editor-in-chief of a major fashion magazine.",2006-06-29,7.44,14044,"[18, 35]",/8912AsVuS7Sj915apArUFbv6F9L.jpg,"The Devil Wears Prada. A young woman from the Midwest gets more than she bargained for when she moves to New York to become a writer and ends up as the assistant to the tyrannical, larger-than-life editor-in-chief of a major fashion magazine."
1723013,Hibla 2,"Two VMX queens, Aliya Raymundo and Margaret Diaz, play reunited childhood friends who share a memorable past and a complicated present: one is a liberated city girl, the other a sheltered country virgin, and both are surrounded by men eager to get a taste of their youth.",2026-06-30,3.0,1,[18],/drDsk2ES8YvWFwgWaY9foKaE5xv.jpg,"Hibla 2. Two VMX queens, Aliya Raymundo and Margaret Diaz, play reunited childhood friends who share a memorable past and a complicated present: one is a liberated city girl, the other a sheltered country virgin, and both are surrounded by men eager to get a taste of their youth."
911430,F1,Racing legend Sonny Hayes is coaxed out of retirement to lead a struggling Formula 1 team—and mentor a young hotshot driver—while chasing one more chance at glory.,2025-06-25,7.813,4396,"[28, 18]",/9PXZIUsSDh4alB80jheWX4fhZmy.jpg,F1. Racing legend Sonny Hayes is coaxed out of retirement to lead a struggling Formula 1 team—and mentor a young hotshot driver—while chasing one more chance at glory.
284053,Thor: Ragnarok,"Thor is imprisoned on the other side of the universe and finds himself in a race against time to get back to Asgard to stop Ragnarok, the destruction of his home-world and the end of Asgardian civilization, at the hands of a powerful new threat, the ruthless Hela.",2017-10-02,7.582,22263,"[28, 878, 35, 12]",/rzRwTcFvttcN1ZpX2xv4j3tSdJu.jpg,"Thor: Ragnarok. Thor is imprisoned on the other side of the universe and finds himself in a race against time to get back to Asgard to stop Ragnarok, the destruction of his home-world and the end of Asgardian civilization, at the hands of a powerful new threat, the ruthless Hela."
1159559,Scream 7,"When a new Ghostface killer emerges in the quiet town where Sidney Prescott has built a new life, her darkest fears are realized as her daughter becomes the next target. Determined to protect her family, Sidney must face the horrors of her past to put an end to the bloodshed once and for all.",2026-02-25,6.2,1204,"[27, 9648, 80]",/jjyuk0edLiW8vOSnlfwWCCLpbh5.jpg,"Scream 7. When a new Ghostface killer emerges in the quiet town where Sidney Prescott has built a new life, her darkest fears are realized as her daughter becomes the next target. Determined to protect her family, Sidney must face the horrors of her past to put an end to the bloodshed once and for all."
82023,Hotel Desire,"Antonia is a single mother who works as a hotel maid in Berlin. A normal hot summer day takes a dramatic turn when she crosses paths with a particular guest of the hotel, famous blind portrait painter Julius Pass.",2011-12-07,6.186,153,"[18, 10749]",/47XRWH95ATv4szxdWHl723guWXP.jpg,"Hotel Desire. Antonia is a single mother who works as a hotel maid in Berlin. A normal hot summer day takes a dramatic turn when she crosses paths with a particular guest of the hotel, famous blind portrait painter Julius Pass."
447365,Guardians of the Galaxy Vol. 3,"Peter Quill, still reeling from the loss of Gamora, must rally his team around him to defend the universe along with protecting one of their own. A mission that, if not completed successfully, could quite possibly lead to the end of the Guardians as we know them.",2023-05-03,7.93,8591,"[878, 12, 28]",/r2J02Z2OpNTctfOSN1Ydgii51I3.jpg,"Guardians of the Galaxy Vol. 3. Peter Quill, still reeling from the loss of Gamora, must rally his team around him to defend the universe along with protecting one of their own. A mission that, if not completed successfully, could quite possibly lead to the end of the Guardians as we know them."
151024,The Soldier with Great Maneuvers,Doctor Eva Marini takes up a position at an army base to investigate the sexual behavior of the Italian male soldier and soon finds out she's taken on more than she bargained for.,1978-12-07,4.904,47,[35],/zWGFtuDT5B10Km0jrIhOX8kDeac.jpg,The Soldier with Great Maneuvers. Doctor Eva Marini takes up a position at an army base to investigate the sexual behavior of the Italian male soldier and soon finds out she's taken on more than she bargained for.
1198994,Send Help,"Two colleagues become stranded on a deserted island, the only survivors of a plane crash. On the island, they must overcome past grievances and work together to survive, but ultimately, it's a battle of wills and wits to make it out alive.",2026-01-22,7.045,2099,"[27, 53, 35]",/zbJWVHOtj3ljBzWgL1P8pxP03Up.jpg,"Send Help. Two colleagues become stranded on a deserted island, the only survivors of a plane crash. On the island, they must overcome past grievances and work together to survive, but ultimately, it's a battle of wills and wits to make it out alive."
12444,Harry Potter and the Deathly Hallows: Part 1,"Harry, Ron and Hermione walk away from their last year at Hogwarts to find and destroy the remaining Horcruxes, putting an end to Voldemort's bid for immortality. But with Harry's beloved Dumbledore dead and Voldemort's unscrupulous Death Eaters on the loose, the world is more dangerous than ever.",2010-11-17,7.733,20613,"[12, 14]",/iGoXIpQb7Pot00EEdwpwPajheZ5.jpg,"Harry Potter and the Deathly Hallows: Part 1. Harry, Ron and Hermione walk away from their last year at Hogwarts to find and destroy the remaining Horcruxes, putting an end to Voldemort's bid for immortality. But with Harry's beloved Dumbledore dead and Voldemort's unscrupulous Death Eaters on the loose, the world is more dangerous than ever."
1740877,Storm on Sesame Street,"In the Storm on Sesame Street special, Elmo and his friends work together to get ready for a big storm, learning how to be prepared, have courage, and calm their bodies and minds when things feel scary. After the storm passes, Sesame Street looks different, and everyone pitches in to help their neighbors rebuild their homes. With the help of the neighborhood, including celebrity guests Post Malone and Michelle Buteau, Elmo and Abby set out to make a difference, and discover that small acts of kindness, and support from friends, can make the biggest difference of all.",2026-08-03,0.0,0,"[10751, 16]",/w4GrHRGgRQOYG95f2oVLYzGJ4Md.jpg,"Storm on Sesame Street. In the Storm on Sesame Street special, Elmo and his friends work together to get ready for a big storm, learning how to be prepared, have courage, and calm their bodies and minds when things feel scary. After the storm passes, Sesame Street looks different, and everyone pitches in to help their neighbors rebuild their homes. With the help of the neighborhood, including celebrity guests Post Malone and Michelle Buteau, Elmo and Abby set out to make a difference, and discover that small acts of kindness, and support from friends, can make the biggest difference of all."
1242898,Predator: Badlands,"Cast out from his clan, a young Predator finds an unlikely ally in a damaged android and embarks on a treacherous journey in search of the ultimate adversary.",2025-11-05,7.825,3443,"[28, 878, 12]",/pHpq9yNUIo6aDoCXEBzjSolywgz.jpg,"Predator: Badlands. Cast out from his clan, a young Predator finds an unlikely ally in a damaged android and embarks on a treacherous journey in search of the ultimate adversary."
13,Forrest Gump,"A man with a low IQ has accomplished great things in his life and been present during significant historic events—in each case, far exceeding what anyone imagined he could do. But despite all he has achieved, his one true love eludes him.",1994-06-23,8.464,30146,"[35, 18, 10749]",/Cw4hIUIAmSYfK9QfaUW5igp9La.jpg,"Forrest Gump. A man with a low IQ has accomplished great things in his life and been present during significant historic events—in each case, far exceeding what anyone imagined he could do. But despite all he has achieved, his one true love eludes him."
1087192,How to Train Your Dragon,"On the rugged isle of Berk, where Vikings and dragons have been bitter enemies for generations, Hiccup stands apart, defying centuries of tradition when he befriends Toothless, a feared Night Fury dragon. Their unlikely bond reveals the true nature of dragons, challenging the very foundations of Viking society.",2025-06-06,7.926,3017,"[14, 10751, 28, 12]",/53dsJ3oEnBhTBVMigWJ9tkA5bzJ.jpg,"How to Train Your Dragon. On the rugged isle of Berk, where Vikings and dragons have been bitter enemies for generations, Hiccup stands apart, defying centuries of tradition when he befriends Toothless, a feared Night Fury dragon. Their unlikely bond reveals the true nature of dragons, challenging the very foundations of Viking society."
240,The Godfather Part II,"In the continuing saga of the Corleone crime family, a young Vito Corleone grows up in Sicily and in 1910s New York. In the 1950s, Michael Corleone attempts to expand the family business into Las Vegas, Hollywood and Cuba.",1974-12-20,8.571,14139,"[18, 80]",/ecBRkXerAZqRRUfR8Lt3L3Dh6J5.jpg,"The Godfather Part II. In the continuing saga of the Corleone crime family, a young Vito Corleone grows up in Sicily and in 1910s New York. In the 1950s, Michael Corleone attempts to expand the family business into Las Vegas, Hollywood and Cuba."
933260,The Substance,"A fading celebrity decides to use a black market drug, a cell-replicating substance that temporarily creates a younger, better version of herself.",2024-09-07,7.131,6277,"[27, 878, 53]",/uYJvxMWMb9W4zIY3cbM50sj3dpC.jpg,"The Substance. A fading celebrity decides to use a black market drug, a cell-replicating substance that temporarily creates a younger, better version of herself."
1380291,Tom Clancy's Jack Ryan: Ghost War,"Jack Ryan is reluctantly pulled back into espionage when an international covert mission unravels a deadly conspiracy. Racing against time, he joins CIA allies Mike November & James Greer and sharp MI6 officer Emma Marlowe to battle a rogue black-ops unit in a high-stakes, deeply personal fight.",2026-05-20,6.954,717,"[28, 53]",/8ehYxUh5MWE41AeE9gkHE8DKzvB.jpg,"Tom Clancy's Jack Ryan: Ghost War. Jack Ryan is reluctantly pulled back into espionage when an international covert mission unravels a deadly conspiracy. Racing against time, he joins CIA allies Mike November & James Greer and sharp MI6 officer Emma Marlowe to battle a rogue black-ops unit in a high-stakes, deeply personal fight."
1633056,All Wishes Come True!,"Eight grassroot mortals use their street smarts and hilarious schemes to defy powerful gods, earning their title as the ""Eight Immortals.""",2026-07-10,8.133,15,"[35, 16, 14, 12]",/wJ9FLxq3Q6D4ve8TUepYsr0PL3p.jpg,"All Wishes Come True!. Eight grassroot mortals use their street smarts and hilarious schemes to defy powerful gods, earning their title as the ""Eight Immortals."""
438631,Dune,"Paul Atreides, a brilliant and gifted young man born into a great destiny beyond his understanding, must travel to the most dangerous planet in the universe to ensure the future of his family and his people. As malevolent forces explode into conflict over the planet's exclusive supply of the most precious resource in existence - a commodity capable of unlocking humanity's greatest potential - only those who can conquer their fear will survive.",2021-09-15,7.783,15261,"[878, 12]",/v1tRXZ4JtD2Iv6fjkPvT4GiwslV.jpg,"Dune. Paul Atreides, a brilliant and gifted young man born into a great destiny beyond his understanding, must travel to the most dangerous planet in the universe to ensure the future of his family and his people. As malevolent forces explode into conflict over the planet's exclusive supply of the most precious resource in existence - a commodity capable of unlocking humanity's greatest potential - only those who can conquer their fear will survive."
105,Back to the Future,"Eighties teenager Marty McFly is accidentally sent back in time to 1955, inadvertently disrupting his parents' first meeting and attracting his mother's romantic interest. Marty must repair the damage to history by rekindling his parents' romance and - with the help of his eccentric inventor friend Doc Brown - return to 1985.",1985-07-03,8.328,22114,"[12, 35, 878]",/vN5B5WgYscRGcQpVhHl6p9DDTP0.jpg,"Back to the Future. Eighties teenager Marty McFly is accidentally sent back in time to 1955, inadvertently disrupting his parents' first meeting and attracting his mother's romantic interest. Marty must repair the damage to history by rekindling his parents' romance and - with the help of his eccentric inventor friend Doc Brown - return to 1985."
68721,Iron Man 3,"When Tony Stark's world is torn apart by a formidable terrorist called the Mandarin, he starts an odyssey of rebuilding and retribution.",2013-04-18,6.933,23666,"[28, 12, 878]",/qhPtAc1TKbMPqNvcdXSOn9Bn7hZ.jpg,"Iron Man 3. When Tony Stark's world is torn apart by a formidable terrorist called the Mandarin, he starts an odyssey of rebuilding and retribution."
950396,The Gorge,"Two highly trained operatives grow close from a distance after being sent to guard opposite sides of a mysterious gorge. When an evil below emerges, they must work together to survive what lies within.",2025-02-13,7.681,4033,"[10749, 878, 53]",/7iMBZzVZtG0oBug4TfqDb9ZxAOa.jpg,"The Gorge. Two highly trained operatives grow close from a distance after being sent to guard opposite sides of a mysterious gorge. When an evil below emerges, they must work together to survive what lies within."
76600,Avatar: The Way of Water,"Set more than a decade after the events of the first film, learn the story of the Sully family (Jake, Neytiri, and their kids), the trouble that follows them, the lengths they go to keep each other safe, the battles they fight to stay alive, and the tragedies they endure.",2022-12-14,7.59,14464,"[28, 12, 878]",/t6HIqrRAclMCA60NsSmeqe9RmNV.jpg,"Avatar: The Way of Water. Set more than a decade after the events of the first film, learn the story of the Sully family (Jake, Neytiri, and their kids), the trouble that follows them, the lengths they go to keep each other safe, the battles they fight to stay alive, and the tragedies they endure."
447273,Snow White,"Following the benevolent King's disappearance, the Evil Queen dominated the once fair land with a cruel streak. Princess Snow White flees the castle when the Queen, in her jealousy over Snow White's inner beauty, tries to kill her. Deep into the dark woods, she stumbles upon seven magical dwarves and a young bandit named Jonathan. Together, they strive to survive the Queen's relentless pursuit and aspire to take back the kingdom.",2025-03-19,4.278,1696,"[10751, 14]",/oLxWocqheC8XbXbxqJ3x422j9PW.jpg,"Snow White. Following the benevolent King's disappearance, the Evil Queen dominated the once fair land with a cruel streak. Princess Snow White flees the castle when the Queen, in her jealousy over Snow White's inner beauty, tries to kill her. Deep into the dark woods, she stumbles upon seven magical dwarves and a young bandit named Jonathan. Together, they strive to survive the Queen's relentless pursuit and aspire to take back the kingdom."
552524,Lilo & Stitch,The wildly funny and touching story of a lonely Hawaiian girl and the fugitive alien who helps to mend her broken family.,2025-05-17,7.191,2233,"[10751, 878, 35]",/ckQzKpQJO4ZQDCN5evdpKcfm7Ys.jpg,Lilo & Stitch. The wildly funny and touching story of a lonely Hawaiian girl and the fugitive alien who helps to mend her broken family.
502356,The Super Mario Bros. Movie,"While working underground to fix a water main, Brooklyn plumbers—and brothers—Mario and Luigi are transported down a mysterious pipe and wander into a magical new world. But when the brothers are separated, Mario embarks on an epic quest to find Luigi.",2023-04-05,7.598,10982,"[10751, 35, 12, 14, 16]",/qNBAXBIQlnOThrVvA6mA2B5ggV6.jpg,"The Super Mario Bros. Movie. While working underground to fix a water main, Brooklyn plumbers—and brothers—Mario and Luigi are transported down a mysterious pipe and wander into a magical new world. But when the brothers are separated, Mario embarks on an epic quest to find Luigi."
39688,Like a Brother,"Sebastien is a small town boy who moves to Paris and begins to explore the gay night life there. When a friend from back home calls to announce he's coming to Paris, Sebastien confronts some unrequited feelings.",2005-04-17,4.3,25,"[18, 10749]",/tiAKYNJEpMnS8L1nKqEYC5yjm0C.jpg,"Like a Brother. Sebastien is a small town boy who moves to Paris and begins to explore the gay night life there. When a friend from back home calls to announce he's coming to Paris, Sebastien confronts some unrequited feelings."
713704,Evil Dead Rise,"A reunion between two estranged sisters gets cut short by the rise of flesh-possessing demons, thrusting them into a primal battle for survival as they face the most nightmarish version of family imaginable.",2023-04-12,6.961,3876,"[27, 53]",/5ik4ATKmNtmJU6AYD0bLm56BCVM.jpg,"Evil Dead Rise. A reunion between two estranged sisters gets cut short by the rise of flesh-possessing demons, thrusting them into a primal battle for survival as they face the most nightmarish version of family imaginable."
863,Toy Story 2,"Andy heads off to Cowboy Camp, leaving his toys to their own devices. Things shift into high gear when an obsessive toy collector named Al McWhiggen, owner of Al's Toy Barn kidnaps Woody. Andy's toys mount a daring rescue mission, Buzz Lightyear meets his match and Woody has to decide where he and his heart truly belong.",1999-10-30,7.618,15174,"[16, 35, 10751]",/4rbcp3ng8n1MKHjpeqW0L7Fnpzz.jpg,"Toy Story 2. Andy heads off to Cowboy Camp, leaving his toys to their own devices. Things shift into high gear when an obsessive toy collector named Al McWhiggen, owner of Al's Toy Barn kidnaps Woody. Andy's toys mount a daring rescue mission, Buzz Lightyear meets his match and Woody has to decide where he and his heart truly belong."
20352,Despicable Me,"Determined to prove he's the world's greatest supervillain, Gru hatches an audacious plan to steal the Moon. To pull it off, he adopts three orphaned girls—Margo, Edith, and Agnes—intending to use them as pawns in his scheme. But the unexpected bond they form forces him to question the criminal life he's always known.",2010-07-08,7.261,16239,"[16, 35, 80, 878, 10751]",/b1BT309QWjtFUlJPLmXmrcHOWEL.jpg,"Despicable Me. Determined to prove he's the world's greatest supervillain, Gru hatches an audacious plan to steal the Moon. To pull it off, he adopts three orphaned girls—Margo, Edith, and Agnes—intending to use them as pawns in his scheme. But the unexpected bond they form forces him to question the criminal life he's always known."
2062,Ratatouille,"Remy, a rat, possesses a palate far more refined than that of his fellow comrades. He aspires to become a chef, one who creates rather than scavenges. When fate leads him beneath one of Paris's finest restaurants, he forms an unusual alliance with a young kitchen worker to pursue his culinary ambitions. As his double life unfolds, Remy must navigate the suspicions of the calculating Head Chef Skinner, the disapproval of Remy’s own colony, and the foreboding presence of renowned food critic Anton Ego, whose judgment can make or break a chef's legacy.",2007-06-28,7.845,18734,"[16, 35, 10751, 14]",/t3vaWRPSf6WjDSamIkKDs1iQWna.jpg,"Ratatouille. Remy, a rat, possesses a palate far more refined than that of his fellow comrades. He aspires to become a chef, one who creates rather than scavenges. When fate leads him beneath one of Paris's finest restaurants, he forms an unusual alliance with a young kitchen worker to pursue his culinary ambitions. As his double life unfolds, Remy must navigate the suspicions of the calculating Head Chef Skinner, the disapproval of Remy’s own colony, and the foreboding presence of renowned food critic Anton Ego, whose judgment can make or break a chef's legacy."
210577,Gone Girl,"With his wife's disappearance having become the focus of an intense media circus, a man sees the spotlight turned on him when it's suspected that he may not be innocent.",2014-10-01,7.89,20191,"[9648, 53, 18]",/ts996lKsxvjkO2yiYG0ht4qAicO.jpg,"Gone Girl. With his wife's disappearance having become the focus of an intense media circus, a man sees the spotlight turned on him when it's suspected that he may not be innocent."
150540,Inside Out,"When 11-year-old Riley moves to a new city, her Emotions team up to help her through the transition. Joy, Fear, Anger, Disgust and Sadness work together, but when Joy and Sadness get lost, they must journey through unfamiliar places to get back home.",2015-06-17,7.907,23711,"[16, 10751, 12, 18, 35]",/2H1TmgdfNtsKlU9jKdeNyYL5y8T.jpg,"Inside Out. When 11-year-old Riley moves to a new city, her Emotions team up to help her through the transition. Joy, Fear, Anger, Disgust and Sadness work together, but when Joy and Sadness get lost, they must journey through unfamiliar places to get back home."
284054,Black Panther,"King T'Challa returns home to the reclusive, technologically advanced African nation of Wakanda to serve as his country's new leader. However, T'Challa soon finds that he is challenged for the throne by factions within his own country as well as without. Using powers reserved to Wakandan kings, T'Challa assumes the Black Panther mantle to join with ex-girlfriend Nakia, the queen-mother, his princess-kid sister, members of the Dora Milaje (the Wakandan 'special forces') and an American secret agent, to prevent Wakanda from being dragged into a world war.",2018-02-13,7.364,23733,"[28, 12, 878]",/uxzzxijgPIY7slzFvMotPv8wjKA.jpg,"Black Panther. King T'Challa returns home to the reclusive, technologically advanced African nation of Wakanda to serve as his country's new leader. However, T'Challa soon finds that he is challenged for the throne by factions within his own country as well as without. Using powers reserved to Wakandan kings, T'Challa assumes the Black Panther mantle to join with ex-girlfriend Nakia, the queen-mother, his princess-kid sister, members of the Dora Milaje (the Wakandan 'special forces') and an American secret agent, to prevent Wakanda from being dragged into a world war."
293660,Deadpool,"The origin story of former Special Forces operative turned mercenary Wade Wilson, who, after being subjected to a rogue experiment that leaves him with accelerated healing powers, adopts the alter ego Deadpool. Armed with his new abilities and a dark, twisted sense of humor, Deadpool hunts down the man who nearly destroyed his life.",2016-02-09,7.625,33044,"[28, 12, 35]",/3E53WEZJqP6aM84D8CckXx4pIHw.jpg,"Deadpool. The origin story of former Special Forces operative turned mercenary Wade Wilson, who, after being subjected to a rogue experiment that leaves him with accelerated healing powers, adopts the alter ego Deadpool. Armed with his new abilities and a dark, twisted sense of humor, Deadpool hunts down the man who nearly destroyed his life."
950387,A Minecraft Movie,"Four misfits find themselves struggling with ordinary problems when they are suddenly pulled through a mysterious portal into the Overworld: a bizarre, cubic wonderland that thrives on imagination. To get back home, they'll have to master this world while embarking on a magical quest with an unexpected, expert crafter, Steve.",2025-03-31,6.241,3182,"[10751, 14, 35, 12]",/yFHHfHcUgGAxziP1C3lLt0q2T4s.jpg,"A Minecraft Movie. Four misfits find themselves struggling with ordinary problems when they are suddenly pulled through a mysterious portal into the Overworld: a bizarre, cubic wonderland that thrives on imagination. To get back home, they'll have to master this world while embarking on a magical quest with an unexpected, expert crafter, Steve."
1235877,Jana Nayagan,"A clash of ideologies. One stands for the people, the other feeds on control. Their paths collided once before. Years later, a child’s silent fear ignites the past, drawing a former police officer into a battle far bigger than personal revenge.",2026-07-22,5.091,11,"[28, 18]",/jt8pfSIdi47YpFMMWVRr8w5u2S0.jpg,"Jana Nayagan. A clash of ideologies. One stands for the people, the other feeds on control. Their paths collided once before. Years later, a child’s silent fear ignites the past, drawing a former police officer into a battle far bigger than personal revenge."
572802,Aquaman and the Lost Kingdom,"Black Manta seeks revenge on Aquaman for his father's death. Wielding the Black Trident's power, he becomes a formidable foe. To defend Atlantis, Arthur (Aquaman) forges an alliance with his imprisoned brother. They must protect the kingdom.",2023-12-20,6.51,3601,"[28, 12, 14]",/7lTnXOy0iNtBAdRP3TZvaKJ77F6.jpg,"Aquaman and the Lost Kingdom. Black Manta seeks revenge on Aquaman for his father's death. Wielding the Black Trident's power, he becomes a formidable foe. To defend Atlantis, Arthur (Aquaman) forges an alliance with his imprisoned brother. They must protect the kingdom."
49026,The Dark Knight Rises,"Following the death of District Attorney Harvey Dent, Batman assumes responsibility for Dent's crimes to protect the late attorney's reputation and is subsequently hunted by the Gotham City Police Department. Eight years later, Batman encounters the mysterious Selina Kyle and the villainous Bane, a new terrorist leader who overwhelms Gotham's finest. The Dark Knight resurfaces to protect a city that has branded him an enemy.",2012-07-17,7.8,24667,"[28, 80, 18, 53]",/hr0L2aueqlP2BYUblTTjmtn0hw4.jpg,"The Dark Knight Rises. Following the death of District Attorney Harvey Dent, Batman assumes responsibility for Dent's crimes to protect the late attorney's reputation and is subsequently hunted by the Gotham City Police Department. Eight years later, Batman encounters the mysterious Selina Kyle and the villainous Bane, a new terrorist leader who overwhelms Gotham's finest. The Dark Knight resurfaces to protect a city that has branded him an enemy."
11036,The Notebook,"An epic love story centered around an older man who reads aloud to a woman with Alzheimer's. From a faded notebook, the old man's words bring to life the story about a couple who is separated by World War II, and is then passionately reunited, seven years later, after they have taken different paths.",2004-06-25,7.891,12727,"[10749, 18]",/rNzQyW4f8B8cQeg7Dgj3n6eT5k9.jpg,"The Notebook. An epic love story centered around an older man who reads aloud to a woman with Alzheimer's. From a faded notebook, the old man's words bring to life the story about a couple who is separated by World War II, and is then passionately reunited, seven years later, after they have taken different paths."
1306368,The Rip,"Trust frays when a team of Miami cops discovers millions in cash inside a run-down stash house, calling everyone — and everything — into question.",2026-01-13,7.089,1823,"[28, 53, 80]",/4wsYWH73Hb1B6noGIFaRQSAkuXj.jpg,"The Rip. Trust frays when a team of Miami cops discovers millions in cash inside a run-down stash house, calling everyone — and everything — into question."
335984,Blade Runner 2049,"Thirty years after the events of the first film, a new blade runner, LAPD Officer K, unearths a long-buried secret that has the potential to plunge what's left of society into chaos. K's discovery leads him on a quest to find Rick Deckard, a former LAPD blade runner who has been missing for 30 years.",2017-10-04,7.6,15426,"[878, 18]",/gajva2L0rPYkEWjzgFlBXCAVBE5.jpg,"Blade Runner 2049. Thirty years after the events of the first film, a new blade runner, LAPD Officer K, unearths a long-buried secret that has the potential to plunge what's left of society into chaos. K's discovery leads him on a quest to find Rick Deckard, a former LAPD blade runner who has been missing for 30 years."
76338,Thor: The Dark World,"Thor fights to restore order across the cosmos… but an ancient race led by the vengeful Malekith returns to plunge the universe back into darkness. Faced with an enemy that even Odin and Asgard cannot withstand, Thor must embark on his most perilous and personal journey yet, one that will reunite him with Jane Foster and force him to sacrifice everything to save us all.",2013-10-30,6.512,18528,"[28, 12, 14]",/wp6OxE4poJ4G7c0U2ZIXasTSMR7.jpg,"Thor: The Dark World. Thor fights to restore order across the cosmos… but an ancient race led by the vengeful Malekith returns to plunge the universe back into darkness. Faced with an enemy that even Odin and Asgard cannot withstand, Thor must embark on his most perilous and personal journey yet, one that will reunite him with Jane Foster and force him to sacrifice everything to save us all."
798645,The Running Man,"Desperate to save his sick daughter, working-class Ben Richards is convinced by The Running Man's charming but ruthless producer to enter the deadly competition game as a last resort. But Ben's defiance, instincts, and grit turn him into an unexpected fan favorite — and a threat to the entire system. As ratings skyrocket, so does the danger, and Ben must outwit not just the Hunters, but a nation addicted to watching him fall.",2025-11-11,6.751,1826,"[28, 53, 878]",/dKL78O9zxczVgjtNcQ9UkbYLzqX.jpg,"The Running Man. Desperate to save his sick daughter, working-class Ben Richards is convinced by The Running Man's charming but ruthless producer to enter the deadly competition game as a last resort. But Ben's defiance, instincts, and grit turn him into an unexpected fan favorite — and a threat to the entire system. As ratings skyrocket, so does the danger, and Ben must outwit not just the Hunters, but a nation addicted to watching him fall."
475557,Joker,"During the 1980s, a failed stand-up comedian is driven insane and turns to a life of crime and chaos in Gotham City while becoming an infamous psychopathic crime figure.",2019-10-01,8.12,28036,"[80, 53, 18]",/udDclJoHjfjb8Ekgsd4FDteOkCU.jpg,"Joker. During the 1980s, a failed stand-up comedian is driven insane and turns to a life of crime and chaos in Gotham City while becoming an infamous psychopathic crime figure."
324786,Hacksaw Ridge,"WWII American Army Medic Desmond T. Doss, who served during the Battle of Okinawa, refuses to kill people and becomes the first Conscientious Objector in American history to receive the Congressional Medal of Honor.",2016-10-07,8.192,15084,"[18, 36, 10752]",/fnOMP6mjmOmZwmlC1n0K7ivrzt1.jpg,"Hacksaw Ridge. WWII American Army Medic Desmond T. Doss, who served during the Battle of Okinawa, refuses to kill people and becomes the first Conscientious Objector in American history to receive the Congressional Medal of Honor."
1124,The Prestige,"A mysterious story of two magicians whose intense rivalry leads them on a life-long battle for supremacy -- full of obsession, deceit and jealousy with dangerous and deadly consequences.",2006-10-19,8.211,17879,"[18, 9648, 878]",/Ag2B2KHKQPukjH7WutmgnnSNurZ.jpg,"The Prestige. A mysterious story of two magicians whose intense rivalry leads them on a life-long battle for supremacy -- full of obsession, deceit and jealousy with dangerous and deadly consequences."
1022789,Inside Out 2,"Teenager Riley's mind headquarters is undergoing a sudden demolition to make room for something entirely unexpected: new Emotions! Joy, Sadness, Anger, Fear and Disgust, who’ve long been running a successful operation by all accounts, aren’t sure how to feel when Anxiety shows up. And it looks like she’s not alone.",2024-06-11,7.542,6859,"[16, 12, 35, 10751]",/vpnVM9B6NMmQpWeZvzLvDESb2QY.jpg,"Inside Out 2. Teenager Riley's mind headquarters is undergoing a sudden demolition to make room for something entirely unexpected: new Emotions! Joy, Sadness, Anger, Fear and Disgust, who’ve long been running a successful operation by all accounts, aren’t sure how to feel when Anxiety shows up. And it looks like she’s not alone."
244786,Whiplash,"Under the direction of a ruthless instructor, a talented young drummer begins to pursue perfection at any cost, even his humanity.",2014-10-10,8.375,16888,"[18, 10402, 53]",/7fn624j5lj3xTme2SgiLCeuedmO.jpg,"Whiplash. Under the direction of a ruthless instructor, a talented young drummer begins to pursue perfection at any cost, even his humanity."
1168190,The Wrecking Crew,"Estranged half-brothers Jonny and James reunite after their father's mysterious death. As they search for the truth, buried secrets reveal a conspiracy threatening to tear their family apart.",2026-01-28,7.073,1193,"[28, 35, 80, 9648]",/gbVwHl4YPSq6BcC92TQpe7qUTh6.jpg,"The Wrecking Crew. Estranged half-brothers Jonny and James reunite after their father's mysterious death. As they search for the truth, buried secrets reveal a conspiracy threatening to tear their family apart."
489,Good Will Hunting,"Will Hunting is a headstrong, working-class genius who is failing the lessons of life. After one too many run-ins with the law, Will's last chance is a psychology professor, who might be the only man who can reach him.",1997-12-05,8.163,14097,[18],/z2FnLKpFi1HPO7BEJxdkv6hpJSU.jpg,"Good Will Hunting. Will Hunting is a headstrong, working-class genius who is failing the lessons of life. After one too many run-ins with the law, Will's last chance is a psychology professor, who might be the only man who can reach him."
448772,A Great Love,Two couples meet at a spa when they realize their respective suites share a bathroom.,1995-01-01,5.0,5,"[18, 35]",/jZolzsQj3zPINjmGuNuIA6iZPZG.jpg,A Great Love. Two couples meet at a spa when they realize their respective suites share a bathroom.
1266127,Ready or Not: Here I Come,"Moments after surviving an all-out attack from the Le Domas family, Grace discovers she’s reached the next level of the nightmarish game — and this time with her estranged sister Faith at her side. Grace has one chance to survive, keep her sister alive, and claim the High Seat of the Council that controls the world. Four rival families are hunting her for the throne, and whoever wins rules it all.",2026-03-19,7.601,1440,"[27, 35]",/jRf89HVEtBZiSnOXXWDhZOfuTwW.jpg,"Ready or Not: Here I Come. Moments after surviving an all-out attack from the Le Domas family, Grace discovers she’s reached the next level of the nightmarish game — and this time with her estranged sister Faith at her side. Grace has one chance to survive, keep her sister alive, and claim the High Seat of the Council that controls the world. Four rival families are hunting her for the throne, and whoever wins rules it all."
1054867,One Battle After Another,"Washed-up revolutionary Bob exists in a state of stoned paranoia, surviving off-grid with his spirited, self-reliant daughter, Willa. When his evil nemesis resurfaces after 16 years and she goes missing, the former radical scrambles to find her, father and daughter both battling the consequences of his past.",2025-09-23,7.347,4008,"[53, 80, 35]",/lbBWwxBht4JFP5PsuJ5onpMqugW.jpg,"One Battle After Another. Washed-up revolutionary Bob exists in a state of stoned paranoia, surviving off-grid with his spirited, self-reliant daughter, Willa. When his evil nemesis resurfaces after 16 years and she goes missing, the former radical scrambles to find her, father and daughter both battling the consequences of his past."
283995,Guardians of the Galaxy Vol. 2,The Guardians must fight to keep their newfound family together as they unravel the mysteries of Peter Quill's true parentage.,2017-04-25,7.609,23185,"[878, 12, 28]",/y4MBh0EjBlMuOzv9axM4qJlmhzz.jpg,Guardians of the Galaxy Vol. 2. The Guardians must fight to keep their newfound family together as they unravel the mysteries of Peter Quill's true parentage.
216919,Deseo,"Eight short stories of seduction and illicit encounters between lovers, filled with humor and eroticism, which use a circular structure located in the cosmopolitan atmosphere of a colonial city of Mexico.",2013-09-13,6.546,271,[18],/df6rkcD37S1RN34vHuA3dSs0uJp.jpg,"Deseo. Eight short stories of seduction and illicit encounters between lovers, filled with humor and eroticism, which use a circular structure located in the cosmopolitan atmosphere of a colonial city of Mexico."
39254,Real Steel,"Charlie Kenton is a washed-up fighter who retired from the ring when robots took over the sport. After his robot is trashed, he reluctantly teams up with his estranged son to rebuild and train an unlikely contender.",2011-09-28,7.13,9402,"[28, 878, 18]",/4GIeI5K5YdDUkR3mNQBoScpSFEf.jpg,"Real Steel. Charlie Kenton is a washed-up fighter who retired from the ring when robots took over the sport. After his robot is trashed, he reluctantly teams up with his estranged son to rebuild and train an unlikely contender."
807,Se7en,"Two homicide detectives are on a desperate hunt for a serial killer whose crimes are based on the ""seven deadly sins"" in this dark and haunting film that takes viewers from the tortured remains of one victim to the next. The seasoned Det. Somerset researches each sin in an effort to get inside the killer's mind, while his novice partner, Mills, scoffs at his efforts to unravel the case.",1995-09-22,8.38,23474,"[80, 9648, 53]",/191nKfP0ehp3uIvWqgPbFmI4lv9.jpg,"Se7en. Two homicide detectives are on a desperate hunt for a serial killer whose crimes are based on the ""seven deadly sins"" in this dark and haunting film that takes viewers from the tortured remains of one victim to the next. The seasoned Det. Somerset researches each sin in an effort to get inside the killer's mind, while his novice partner, Mills, scoffs at his efforts to unravel the case."
37165,The Truman Show,"In a picture-perfect seaside town, an insurance salesman begins to realize that his entire existence may be staged and observed by a vast unseen audience as part of a long-running real-time reality TV show.",1998-06-04,8.155,20569,"[35, 18]",/vuza0WqY239yBXOadKlGwJsZJFE.jpg,"The Truman Show. In a picture-perfect seaside town, an insurance salesman begins to realize that his entire existence may be staged and observed by a vast unseen audience as part of a long-running real-time reality TV show."
558449,Gladiator II,"Years after witnessing the death of the revered hero Maximus at the hands of his uncle, Lucius is forced to enter the Colosseum after his home is conquered by the tyrannical Emperors who now lead Rome with an iron fist. With rage in his heart and the future of the Empire at stake, Lucius must look to his past to find strength and honor to return the glory of Rome to its people.",2024-11-13,6.603,4629,"[28, 12, 18]",/2cxhvwyEwRlysAmRH4iodkvo0z5.jpg,"Gladiator II. Years after witnessing the death of the revered hero Maximus at the hands of his uncle, Lucius is forced to enter the Colosseum after his home is conquered by the tyrannical Emperors who now lead Rome with an iron fist. With rage in his heart and the future of the Empire at stake, Lucius must look to his past to find strength and honor to return the glory of Rome to its people."
228150,Fury,"April, 1945. As the Allies make their final push in the European Theatre, a battle-hardened army sergeant named Wardaddy commands a Sherman tank and her five-man crew on a deadly mission behind enemy lines. Outnumbered and outgunned, and with a rookie soldier thrust into their platoon, Wardaddy and his men face overwhelming odds in their heroic attempts to strike at the heart of Nazi Germany.",2014-10-15,7.5,13098,"[10752, 18, 28]",/pfte7wdMobMF4CVHuOxyu6oqeeA.jpg,"Fury. April, 1945. As the Allies make their final push in the European Theatre, a battle-hardened army sergeant named Wardaddy commands a Sherman tank and her five-man crew on a deadly mission behind enemy lines. Outnumbered and outgunned, and with a rookie soldier thrust into their platoon, Wardaddy and his men face overwhelming odds in their heroic attempts to strike at the heart of Nazi Germany."
424,Schindler's List,The true story of how businessman Oskar Schindler saved over a thousand Jewish lives from the Nazis while they worked as slaves in his factory during World War II.,1993-12-15,8.569,17705,"[18, 36, 10752]",/sF1U4EUQS8YHUYjNl3pMGNIQyr0.jpg,Schindler's List. The true story of how businessman Oskar Schindler saved over a thousand Jewish lives from the Nazis while they worked as slaves in his factory during World War II.
138843,The Conjuring,"Paranormal investigators Ed and Lorraine Warren work to help a family terrorized by a dark presence in their farmhouse. Forced to confront a powerful entity, the Warrens find themselves caught in the most terrifying case of their lives.",2013-07-18,7.541,12909,"[27, 53]",/wVYREutTvI2tmxr6ujrHT704wGF.jpg,"The Conjuring. Paranormal investigators Ed and Lorraine Warren work to help a family terrorized by a dark presence in their farmhouse. Forced to confront a powerful entity, the Warrens find themselves caught in the most terrifying case of their lives."
77338,The Intouchables,A true story of two men who should never have met – a quadriplegic aristocrat who was injured in a paragliding accident and a young man from the projects.,2011-11-02,8.272,18649,"[18, 35]",/1QU7HKgsQbGpzsJbJK4pAVQV9F5.jpg,The Intouchables. A true story of two men who should never have met – a quadriplegic aristocrat who was injured in a paragliding accident and a young man from the projects.
1491920,Kung Fu Soccer,"The ""Supreme Invincible Cup"" is about to begin, and a host of top teams are about to engage in an unprecedented showdown! But the Kung Fu Women's Soccer Team has been dealt a hellish script right from the start?! Their opponents are all highly skilled, and external pressure is mounting. The schemes on the field are one after another... Can they use their kung fu to turn the tide on the green field?",2026-07-11,6.1,18,"[18, 35, 28]",/6QgJQrClh9ej357yzLWgCxrjAmJ.jpg,"Kung Fu Soccer. The ""Supreme Invincible Cup"" is about to begin, and a host of top teams are about to engage in an unprecedented showdown! But the Kung Fu Women's Soccer Team has been dealt a hellish script right from the start?! Their opponents are all highly skilled, and external pressure is mounting. The schemes on the field are one after another... Can they use their kung fu to turn the tide on the green field?"
330457,Frozen II,"Elsa, Anna, Kristoff and Olaf head far into the forest to learn the truth about an ancient mystery of their kingdom.",2019-11-20,7.227,10390,"[10751, 16, 12, 35, 14]",/mINJaa34MtknCYl5AjtNJzWj8cD.jpg,"Frozen II. Elsa, Anna, Kristoff and Olaf head far into the forest to learn the truth about an ancient mystery of their kingdom."
1422,The Departed,"To take down South Boston's Irish Mafia, the police send in one of their own to infiltrate the underworld, not realizing the syndicate has done likewise. While an undercover cop curries favor with the mob kingpin, a career criminal rises through the police ranks. But both sides soon discover there's a mole among them.",2006-10-04,8.159,16445,"[18, 53, 80]",/nT97ifVT2J1yMQmeq20Qblg61T.jpg,"The Departed. To take down South Boston's Irish Mafia, the police send in one of their own to infiltrate the underworld, not realizing the syndicate has done likewise. While an undercover cop curries favor with the mob kingpin, a career criminal rises through the police ranks. But both sides soon discover there's a mole among them."
564,The Mummy,Dashing legionnaire Rick O'Connell stumbles upon the hidden ruins of Hamunaptra while in the midst of a battle to claim the area in 1920s Egypt. It has been over three thousand years since former High Priest Imhotep suffered a fate worse than death as a punishment for a forbidden love—along with a curse that guarantees eternal doom upon the world if he is ever awoken.,1999-04-16,6.989,10245,"[12, 28, 14]",/yhIsVvcUm7QxzLfT6HW2wLf5ajY.jpg,The Mummy. Dashing legionnaire Rick O'Connell stumbles upon the hidden ruins of Hamunaptra while in the midst of a battle to claim the area in 1920s Egypt. It has been over three thousand years since former High Priest Imhotep suffered a fate worse than death as a punishment for a forbidden love—along with a curse that guarantees eternal doom upon the world if he is ever awoken.
226674,The Adolescent,"In the summer of 1939, 13-year-old Marie goes with her parents to visit her grandparents in a small town near Avignon. Marie discovers her femininity and falls for a young Jewish doctor, but he prefers Eva, Marie's mother.",1979-01-24,4.7,18,[18],/v7yCEzF9BCF82lbp42X5ZLjIieo.jpg,"The Adolescent. In the summer of 1939, 13-year-old Marie goes with her parents to visit her grandparents in a small town near Avignon. Marie discovers her femininity and falls for a young Jewish doctor, but he prefers Eva, Marie's mother."
505642,Black Panther: Wakanda Forever,"Queen Ramonda, Shuri, M’Baku, Okoye and the Dora Milaje fight to protect their nation from intervening world powers in the wake of King T’Challa’s death.  As the Wakandans strive to embrace their next chapter, the heroes must band together with the help of War Dog Nakia and Everett Ross and forge a new path for the kingdom of Wakanda.",2022-11-09,7.001,7629,"[28, 12, 878]",/sv1xJUazXeYqALzczSZ3O6nkH75.jpg,"Black Panther: Wakanda Forever. Queen Ramonda, Shuri, M’Baku, Okoye and the Dora Milaje fight to protect their nation from intervening world powers in the wake of King T’Challa’s death.  As the Wakandans strive to embrace their next chapter, the heroes must band together with the help of War Dog Nakia and Everett Ross and forge a new path for the kingdom of Wakanda."
389,12 Angry Men,"The defense and the prosecution have rested and the jury is filing into the jury room to decide if a young Spanish-American is guilty or innocent of murdering his father. What begins as an open and shut case soon becomes a mini-drama of each of the jurors' prejudices and preconceptions about the trial, the accused, and each other.",1957-04-10,8.566,10202,[18],/ppd84D2i9W8jXmsyInGyihiSyqz.jpg,"12 Angry Men. The defense and the prosecution have rested and the jury is filing into the jury room to decide if a young Spanish-American is guilty or innocent of murdering his father. What begins as an open and shut case soon becomes a mini-drama of each of the jurors' prejudices and preconceptions about the trial, the accused, and each other."
545611,Everything Everywhere All at Once,"An aging Chinese immigrant is swept up in an insane adventure, where she alone can save what's important to her by connecting with the lives she could have led in other universes.",2022-03-24,7.709,8228,"[28, 12, 878]",/u68AjlvlutfEIcpmbYpKcdi09ut.jpg,"Everything Everywhere All at Once. An aging Chinese immigrant is swept up in an insane adventure, where she alone can save what's important to her by connecting with the lives she could have led in other universes."
614945,Voicemails for Isabelle,"A young woman's hilariously confessional voicemails to her late sister are unknowingly redirected to a stranger, who begins to fall in love from afar.",2026-06-20,8.36,750,"[10749, 35, 18]",/canZTWSxACSnAluir3dCtMxKpA1.jpg,"Voicemails for Isabelle. A young woman's hilariously confessional voicemails to her late sister are unknowingly redirected to a stranger, who begins to fall in love from afar."
694,The Shining,"Jack Torrance accepts a caretaker job at the Overlook Hotel, where he, along with his wife Wendy and their son Danny, must live isolated from the rest of the world for the winter. But they aren't prepared for the madness that lurks within.",1980-05-23,8.201,19174,"[27, 53]",/uAR0AWqhQL1hQa69UDEbb2rE5Wx.jpg,"The Shining. Jack Torrance accepts a caretaker job at the Overlook Hotel, where he, along with his wife Wendy and their son Danny, must live isolated from the rest of the world for the winter. But they aren't prepared for the madness that lurks within."
18785,The Hangover,"When three friends finally come to after a raucous night of bachelor-party revelry, they find a baby in the closet and a tiger in the bathroom. But they can't seem to locate their best friend, Doug – who's supposed to be tying the knot. Launching a frantic search for Doug, the trio perseveres through a nasty hangover to try to make it to the church on time.",2009-06-02,7.337,18322,[35],/A0uS9rHR56FeBtpjVki16M5xxSW.jpg,"The Hangover. When three friends finally come to after a raucous night of bachelor-party revelry, they find a baby in the closet and a tiger in the bathroom. But they can't seem to locate their best friend, Doug – who's supposed to be tying the knot. Launching a frantic search for Doug, the trio perseveres through a nasty hangover to try to make it to the church on time."
402431,Wicked,"In the land of Oz, ostracized and misunderstood green-skinned Elphaba is forced to share a room with the popular aristocrat Glinda at Shiz University, and the two's unlikely friendship is tested as they begin to fulfill their respective destinies as Glinda the Good and the Wicked Witch of the West.",2024-10-16,6.909,3147,"[18, 10749, 14]",/xDGbZ0JJ3mYaGKy4Nzd9Kph6M9L.jpg,"Wicked. In the land of Oz, ostracized and misunderstood green-skinned Elphaba is forced to share a room with the popular aristocrat Glinda at Shiz University, and the two's unlikely friendship is tested as they begin to fulfill their respective destinies as Glinda the Good and the Wicked Witch of the West."
73861,A Serbian Film,"Retired porn star Milos leads a normal family life trying to make ends meet. Presented with the opportunity of a lifetime to financially support his family for the rest of their lives, Milos must participate in one last mysterious film. From then on, Milos is drawn into a maelstrom of unbelievable cruelty and mayhem.",2010-01-06,5.452,2243,"[80, 27, 53]",/yIQqiw3Az5QYNHLCUoCTtxXH24G.jpg,"A Serbian Film. Retired porn star Milos leads a normal family life trying to make ends meet. Presented with the opportunity of a lifetime to financially support his family for the rest of their lives, Milos must participate in one last mysterious film. From then on, Milos is drawn into a maelstrom of unbelievable cruelty and mayhem."
429,"The Good, the Bad and the Ugly","While the Civil War rages on between the Union and the Confederacy, three men – a quiet loner, a ruthless hitman, and a Mexican bandit – comb the American Southwest in search of a strongbox containing $200,000 in stolen gold.",1966-12-23,8.465,9815,[37],/bX2xnavhMYjWDoZp1VM6VnU1xwe.jpg,"The Good, the Bad and the Ugly. While the Civil War rages on between the Union and the Confederacy, three men – a quiet loner, a ruthless hitman, and a Mexican bandit – comb the American Southwest in search of a strongbox containing $200,000 in stolen gold."
1337148,Aisha Can't Fly Away,"Aisha, a 26-year-old Sudanese woman, lives in Ain-Shams, a neighborhood in Cairo with a large African migrant community. The authorities’ indifference to the violent tensions between Egyptians and various African nationalities, has allowed different gangs to seize control of the neighborhood. The situation quickly turns sour after one of them offers Aisha security in exchange for a favor.",2025-05-20,5.5,4,"[27, 18]",/no8SXwqDhAVE8SMDILdEqS6qxh8.jpg,"Aisha Can't Fly Away. Aisha, a 26-year-old Sudanese woman, lives in Ain-Shams, a neighborhood in Cairo with a large African migrant community. The authorities’ indifference to the violent tensions between Egyptians and various African nationalities, has allowed different gangs to seize control of the neighborhood. The situation quickly turns sour after one of them offers Aisha security in exchange for a favor."
1279493,The Get Out,"A nightclub owner is on the verge of leaving his dangerous past behind for retirement with his girlfriend. When masked gunmen rob him and he finds himself squeezed by ruthless cartels, a mysterious newcomer arrives with an interest in buying the business. With danger closing in from all sides, he must navigate a deadly web of deception, power, and survival  -  where escape may no longer be an option.",2026-06-18,6.3,51,"[28, 53]",/zlkeH0s7dDxcnuPcHBqAyXFUxqN.jpg,"The Get Out. A nightclub owner is on the verge of leaving his dangerous past behind for retirement with his girlfriend. When masked gunmen rob him and he finds himself squeezed by ruthless cartels, a mysterious newcomer arrives with an interest in buying the business. With danger closing in from all sides, he must navigate a deadly web of deception, power, and survival  -  where escape may no longer be an option."
1078605,Weapons,"When all but one child from the same class mysteriously vanish on the same night at exactly the same time, a community is left questioning who or what is behind their disappearance.",2025-08-04,7.3,3722,"[27, 9648]",/cpf7vsRZ0MYRQcnLWteD5jK9ymT.jpg,"Weapons. When all but one child from the same class mysteriously vanish on the same night at exactly the same time, a community is left questioning who or what is behind their disappearance."
701387,Bugonia,"Two conspiracy obsessed young men kidnap the high-powered CEO of a major company, convinced that she is an alien intent on destroying planet Earth.",2025-10-23,7.301,2205,"[878, 53, 35]",/rSdOua3wKMEaFWDcKAYWRjXQWOt.jpg,"Bugonia. Two conspiracy obsessed young men kidnap the high-powered CEO of a major company, convinced that she is an alien intent on destroying planet Earth."
549509,The Brutalist,"When an innovative modern architect flees post-war Europe, he is given the opportunity to rebuild his legacy. Set during the dawn of the modern United States (in Pennsylvania), his wife joins him, and their lives are forever changed by a demanding, wealthy patron.",2024-12-20,6.948,1725,[18],/vP7Yd6couiAaw9jgMd5cjMRj3hQ.jpg,"The Brutalist. When an innovative modern architect flees post-war Europe, he is given the opportunity to rebuild his legacy. Set during the dawn of the modern United States (in Pennsylvania), his wife joins him, and their lives are forever changed by a demanding, wealthy patron."
315162,Puss in Boots: The Last Wish,"Puss in Boots discovers that his passion for adventure has taken its toll: He has burned through eight of his nine lives, leaving him with only one life left. Puss sets out on an epic journey to find the mythical Last Wish and restore his nine lives.",2022-12-07,8.212,9089,"[16, 12, 14, 35, 10751]",/kuf6dutpsT0vSVehic3EZIqkOBt.jpg,"Puss in Boots: The Last Wish. Puss in Boots discovers that his passion for adventure has taken its toll: He has burned through eight of his nine lives, leaving him with only one life left. Puss sets out on an epic journey to find the mythical Last Wish and restore his nine lives."
696506,Mickey 17,"Unlikely hero Mickey Barnes finds himself in the extraordinary circumstance of working for an employer who demands the ultimate commitment to the job… to die, for a living.",2025-02-28,6.839,3767,"[878, 35, 12]",/edKpE9B5qN3e559OuMCLZdW1iBZ.jpg,"Mickey 17. Unlikely hero Mickey Barnes finds himself in the extraordinary circumstance of working for an employer who demands the ultimate commitment to the job… to die, for a living."
313369,La La Land,"Mia, an aspiring actress, serves lattes to movie stars in between auditions and Sebastian, a jazz musician, scrapes by playing cocktail party gigs in dingy bars, but as success mounts they are faced with decisions that begin to fray the fragile fabric of their love affair, and the dreams they worked so hard to maintain in each other threaten to rip them apart.",2016-12-01,7.896,18307,"[35, 18, 10749]",/uDO8zWDhfWwoFdKS4fzkUJt0Rf0.jpg,"La La Land. Mia, an aspiring actress, serves lattes to movie stars in between auditions and Sebastian, a jazz musician, scrapes by playing cocktail party gigs in dingy bars, but as success mounts they are faced with decisions that begin to fray the fragile fabric of their love affair, and the dreams they worked so hard to maintain in each other threaten to rip them apart."
546554,Knives Out,"When renowned crime novelist Harlan Thrombey is found dead at his estate just after his 85th birthday, the inquisitive and debonair Detective Benoit Blanc is mysteriously enlisted to investigate. From Harlan's dysfunctional family to his devoted staff, Blanc sifts through a web of red herrings and self-serving lies to uncover the truth behind Harlan's untimely death.",2019-11-27,7.84,14271,"[35, 80, 9648]",/pThyQovXQrw2m0s9x82twj48Jq4.jpg,"Knives Out. When renowned crime novelist Harlan Thrombey is found dead at his estate just after his 85th birthday, the inquisitive and debonair Detective Benoit Blanc is mysteriously enlisted to investigate. From Harlan's dysfunctional family to his devoted staff, Blanc sifts through a web of red herrings and self-serving lies to uncover the truth behind Harlan's untimely death."
519182,Despicable Me 4,"Gru and Lucy and their girls—Margo, Edith and Agnes—welcome a new member to the Gru family, Gru Jr., who is intent on tormenting his dad. Gru also faces a new nemesis in Maxime Le Mal and his femme fatale girlfriend Valentina, forcing the family to go on the run.",2024-06-20,7.0,3306,"[16, 35, 28, 878, 10751]",/wWba3TaojhK7NdycRhoQpsG0FaH.jpg,"Despicable Me 4. Gru and Lucy and their girls—Margo, Edith and Agnes—welcome a new member to the Gru family, Gru Jr., who is intent on tormenting his dad. Gru also faces a new nemesis in Maxime Le Mal and his femme fatale girlfriend Valentina, forcing the family to go on the run."
667538,Transformers: Rise of the Beasts,"When a new threat capable of destroying the entire planet emerges, Optimus Prime and the Autobots must team up with a powerful faction known as the Maximals. With the fate of humanity hanging in the balance, humans Noah and Elena will do whatever it takes to help the Transformers as they engage in the ultimate battle to save Earth.",2023-06-06,7.167,5363,"[878, 12, 28]",/gPbM0MK8CP8A174rmUwGsADNYKD.jpg,"Transformers: Rise of the Beasts. When a new threat capable of destroying the entire planet emerges, Optimus Prime and the Autobots must team up with a powerful faction known as the Maximals. With the fate of humanity hanging in the balance, humans Noah and Elena will do whatever it takes to help the Transformers as they engage in the ultimate battle to save Earth."
1381027,Good Boy,"Tommy, a volatile 19-year-old, revels in drugs, parties and violence. After getting separated from his friends on a drunken bender, he is abducted by a shadowy figure. He wakes to find himself imprisoned in the basement of a remote Yorkshire house, inhabited by a very strange family. But what unfolds is not what he could possibly expect.",2026-03-06,7.153,200,"[53, 18, 9648]",/eWb841fMkSNly5gfL9J1N0xzVYI.jpg,"Good Boy. Tommy, a volatile 19-year-old, revels in drugs, parties and violence. After getting separated from his friends on a drunken bender, he is abducted by a shadowy figure. He wakes to find himself imprisoned in the basement of a remote Yorkshire house, inhabited by a very strange family. But what unfolds is not what he could possibly expect."
637649,Wrath of Man,"A cold and mysterious new security guard for a Los Angeles cash truck company surprises his co-workers when he unleashes precision skills during a heist. The crew is left wondering who he is and where he came from. Soon, the marksman's ultimate motive becomes clear as he takes dramatic and irrevocable steps to settle a score.",2021-04-22,7.572,6211,"[53, 80, 18]",/M7SUK85sKjaStg4TKhlAVyGlz3.jpg,"Wrath of Man. A cold and mysterious new security guard for a Los Angeles cash truck company surprises his co-workers when he unleashes precision skills during a heist. The crew is left wondering who he is and where he came from. Soon, the marksman's ultimate motive becomes clear as he takes dramatic and irrevocable steps to settle a score."
1197306,A Working Man,"Levon Cade left behind a decorated military career in the black ops to live a simple life working construction. But when his boss's daughter, who is like family to him, is taken by human traffickers, his search to bring her home uncovers a world of corruption far greater than he ever could have imagined.",2025-03-26,6.689,2032,"[28, 80, 53]",/6FRFIogh3zFnVWn7Z6zcYnIbRcX.jpg,"A Working Man. Levon Cade left behind a decorated military career in the black ops to live a simple life working construction. But when his boss's daughter, who is like family to him, is taken by human traffickers, his search to bring her home uncovers a world of corruption far greater than he ever could have imagined."
762509,Mufasa: The Lion King,"Mufasa, a cub lost and alone, meets a sympathetic lion named Taka, the heir to a royal bloodline. The chance meeting sets in motion an expansive journey of a group of misfits searching for their destiny.",2024-12-18,7.296,2733,"[12, 10751, 16]",/jbOSUAWMGzGL1L4EaUF8K6zYFo7.jpg,"Mufasa: The Lion King. Mufasa, a cub lost and alone, meets a sympathetic lion named Taka, the heir to a royal bloodline. The chance meeting sets in motion an expansive journey of a group of misfits searching for their destiny."
566525,Shang-Chi and the Legend of the Ten Rings,Shang-Chi must confront the past he thought he left behind when he is drawn into the web of the mysterious Ten Rings organization.,2021-09-01,7.5,10574,"[28, 12, 14]",/9f2Q0U3IOsLgrI2HkvldwSABZy5.jpg,Shang-Chi and the Legend of the Ten Rings. Shang-Chi must confront the past he thought he left behind when he is drawn into the web of the mysterious Ten Rings organization.
1509599,Gatta Kusthi 2,"Picks up after the first film, with Veera and Keerthi balancing parenthood and Keerthi's wrestling career, featuring a role reversal where Veera takes on more domestic responsibilities.",2026-07-03,3.6,4,"[35, 18]",/5U8MWIk9XZ60NALyOTpyX7vXIR7.jpg,"Gatta Kusthi 2. Picks up after the first film, with Veera and Keerthi balancing parenthood and Keerthi's wrestling career, featuring a role reversal where Veera takes on more domestic responsibilities."
